{
  "linear": {
    "ols": {
      "mse_mean": 1.0417613057472346,
      "mse_sd": 0.11979902609026657,
      "width_mean": 3.7147657352560945,
      "width_sd": 0.4545261235353979,
      "coverage_mean": 0.9241066666666665,
      "coverage_sd": 0.04177428448752228
    },
    "rf": {
      "mse_mean": 2.0679762240005175,
      "mse_sd": 0.29907634482660095,
      "width_mean": 5.240726737744766,
      "width_sd": 0.6872356907344295,
      "coverage_mean": 0.9245599999999999,
      "coverage_sd": 0.0405956450866346
    },
    "dnn": {
      "mse_mean": 1.2921264877146144,
      "mse_sd": 0.16758669754425778,
      "width_mean": 4.128936660147504,
      "width_sd": 0.5498240776971767,
      "coverage_mean": 0.9235333333333333,
      "coverage_sd": 0.039922758755710594
    },
    "equal_weight": {
      "mse_mean": 1.2006377125381682,
      "mse_sd": 0.1489344483012042,
      "width_mean": 4.002781777302548,
      "width_sd": 0.5098607637866407,
      "coverage_mean": 0.9248266666666666,
      "coverage_sd": 0.04098337006911733
    },
    "stacking": {
      "mse_mean": 1.0694754901498027,
      "mse_sd": 0.1308993097679878,
      "width_mean": 3.7759506709717447,
      "width_sd": 0.489645633267571,
      "coverage_mean": 0.9243466666666665,
      "coverage_sd": 0.04172869835816433
    },
    "cp_guided": {
      "mse_mean": 1.1548383704318568,
      "mse_sd": 0.14200339620287222,
      "width_mean": 3.9244392898525966,
      "width_sd": 0.49697563488439783,
      "coverage_mean": 0.9248133333333333,
      "coverage_sd": 0.04056529222541523
    },
    "best_val": {
      "mse_mean": 1.0561550213631568,
      "mse_sd": 0.13145690424433573,
      "width_mean": 3.737370686241319,
      "width_sd": 0.465879922231166,
      "coverage_mean": 0.9242,
      "coverage_sd": 0.04161255152528434
    },
    "best_oracle": {
      "mse_mean": 1.0415812137851825,
      "mse_sd": 0.11970552967267588,
      "width_mean": 0.0,
      "width_sd": 0.0,
      "coverage_mean": 0.0,
      "coverage_sd": 0.0
    }
  },
  "semiparametric": {
    "ols": {
      "mse_mean": 1.0482527280494451,
      "mse_sd": 0.12064241582921899,
      "width_mean": 3.715575112585618,
      "width_sd": 0.4557108229917786,
      "coverage_mean": 0.9225466666666666,
      "coverage_sd": 0.04197145908564268
    },
    "rf": {
      "mse_mean": 2.090975069080718,
      "mse_sd": 0.29833843921388753,
      "width_mean": 5.276492454400068,
      "width_sd": 0.6944324538046549,
      "coverage_mean": 0.9249733333333333,
      "coverage_sd": 0.04145438403300133
    },
    "dnn": {
      "mse_mean": 1.303810224781002,
      "mse_sd": 0.17222550442701365,
      "width_mean": 4.156416037327573,
      "width_sd": 0.5495095483920241,
      "coverage_mean": 0.9244133333333333,
      "coverage_sd": 0.04035826006600824
    },
    "equal_weight": {
      "mse_mean": 1.1969261567819185,
      "mse_sd": 0.14820031189013688,
      "width_mean": 3.9886474975758994,
      "width_sd": 0.5103117407929717,
      "coverage_mean": 0.9236666666666666,
      "coverage_sd": 0.04106769479232497
    },
    "stacking": {
      "mse_mean": 1.0757985218032868,
      "mse_sd": 0.1328389169334543,
      "width_mean": 3.77828803651135,
      "width_sd": 0.48708475607808926,
      "coverage_mean": 0.9233466666666666,
      "coverage_sd": 0.041323652629779314
    },
    "cp_guided": {
      "mse_mean": 1.152425416767931,
      "mse_sd": 0.1419218189840051,
      "width_mean": 3.9146960009437355,
      "width_sd": 0.4966408763562077,
      "coverage_mean": 0.9238666666666667,
      "coverage_sd": 0.04039339880062912
    },
    "best_val": {
      "mse_mean": 1.0617381083657425,
      "mse_sd": 0.13242935255798702,
      "width_mean": 3.7396690648046023,
      "width_sd": 0.47378402274727077,
      "coverage_mean": 0.9229733333333332,
      "coverage_sd": 0.04177989096310435
    },
    "best_oracle": {
      "mse_mean": 1.048072031650372,
      "mse_sd": 0.12048069974484586,
      "width_mean": 0.0,
      "width_sd": 0.0,
      "coverage_mean": 0.0,
      "coverage_sd": 0.0
    }
  },
  "nonlinear": {
    "ols": {
      "mse_mean": 2.305592626502505,
      "mse_sd": 0.33322499485846535,
      "width_mean": 5.475741424326261,
      "width_sd": 0.8383108559277135,
      "coverage_mean": 0.9228266666666666,
      "coverage_sd": 0.041483717823315266
    },
    "rf": {
      "mse_mean": 2.0543312585968017,
      "mse_sd": 0.29664142241074526,
      "width_mean": 5.172404076745653,
      "width_sd": 0.8071994378317684,
      "coverage_mean": 0.92328,
      "coverage_sd": 0.04291279840172005
    },
    "dnn": {
      "mse_mean": 1.6837367631031448,
      "mse_sd": 0.3174775600269183,
      "width_mean": 4.7187565708489805,
      "width_sd": 0.7079973747632399,
      "coverage_mean": 0.9246933333333334,
      "coverage_sd": 0.042182873828657576
    },
    "equal_weight": {
      "mse_mean": 1.8408112346594179,
      "mse_sd": 0.27894732087294005,
      "width_mean": 4.90603804510098,
      "width_sd": 0.7396349051948942,
      "coverage_mean": 0.9243066666666666,
      "coverage_sd": 0.04169768658650821
    },
    "stacking": {
      "mse_mean": 1.6984644756063658,
      "mse_sd": 0.28589176216787676,
      "width_mean": 4.729771141914247,
      "width_sd": 0.7348265579263625,
      "coverage_mean": 0.9238666666666667,
      "coverage_sd": 0.0422897938830005
    },
    "cp_guided": {
      "mse_mean": 1.7707125069243184,
      "mse_sd": 0.28103592768811814,
      "width_mean": 4.820204899132194,
      "width_sd": 0.744422007914669,
      "coverage_mean": 0.9239333333333334,
      "coverage_sd": 0.04266765623852438
    },
    "best_val": {
      "mse_mean": 1.6990115782048023,
      "mse_sd": 0.2928798279074973,
      "width_mean": 4.74386141761307,
      "width_sd": 0.7132170314637258,
      "coverage_mean": 0.9247733333333333,
      "coverage_sd": 0.042865860023514696
    },
    "best_oracle": {
      "mse_mean": 1.6556406597938826,
      "mse_sd": 0.2620815544823641,
      "width_mean": 0.0,
      "width_sd": 0.0,
      "coverage_mean": 0.0,
      "coverage_sd": 0.0
    }
  },
  "highdim": {
    "ols": {
      "mse_mean": 1.6940151184288839,
      "mse_sd": 0.23248924084264339,
      "width_mean": 4.722362183538502,
      "width_sd": 0.588726867509879,
      "coverage_mean": 0.9228666666666666,
      "coverage_sd": 0.040440408834069255
    },
    "rf": {
      "mse_mean": 2.5383319045178387,
      "mse_sd": 0.38153019738455357,
      "width_mean": 5.789939453510329,
      "width_sd": 0.8102378165188124,
      "coverage_mean": 0.9235466666666666,
      "coverage_sd": 0.03983129757698921
    },
    "dnn": {
      "mse_mean": 3.337550414721896,
      "mse_sd": 0.45962516661002273,
      "width_mean": 6.58959877212408,
      "width_sd": 0.8668992101542767,
      "coverage_mean": 0.9223333333333333,
      "coverage_sd": 0.041635188109205044
    },
    "equal_weight": {
      "mse_mean": 1.798227461092445,
      "mse_sd": 0.23559017628854417,
      "width_mean": 4.852550683889212,
      "width_sd": 0.6471479606167935,
      "coverage_mean": 0.9217733333333333,
      "coverage_sd": 0.043685361901264416
    },
    "stacking": {
      "mse_mean": 1.5751450972814125,
      "mse_sd": 0.2122455429715868,
      "width_mean": 4.569734870203027,
      "width_sd": 0.6261323117777327,
      "coverage_mean": 0.9239333333333334,
      "coverage_sd": 0.04137949035720743
    },
    "cp_guided": {
      "mse_mean": 1.699992549883496,
      "mse_sd": 0.22229592239309334,
      "width_mean": 4.721511285490308,
      "width_sd": 0.638787417811689,
      "coverage_mean": 0.9226399999999999,
      "coverage_sd": 0.04225382770300882
    },
    "best_val": {
      "mse_mean": 1.7589652649858436,
      "mse_sd": 0.32244692241254364,
      "width_mean": 4.827043340311227,
      "width_sd": 0.6985105525532384,
      "coverage_mean": 0.9234266666666666,
      "coverage_sd": 0.03981836762098617
    },
    "best_oracle": {
      "mse_mean": 1.6913961294109883,