{
  "linear": {
    "ols": {
      "mse_mean": 1.0587231382264626,
      "mse_sd": 0.17103331116133003,
      "width_mean": 3.729318870954697,
      "coverage_mean": 0.9245333333333333
    },
    "rf": {
      "mse_mean": 2.0961968073959483,
      "mse_sd": 0.3605132938012245,
      "width_mean": 5.206669128717101,
      "coverage_mean": 0.9221333333333332
    },
    "dnn": {
      "mse_mean": 1.3237477889679372,
      "mse_sd": 0.2482799521605201,
      "width_mean": 4.176279099027588,
      "coverage_mean": 0.9258666666666666
    },
    "equal_weight": {
      "mse_mean": 1.214515530275501,
      "mse_sd": 0.19982702347358006,
      "width_mean": 3.9845683114404973,
      "coverage_mean": 0.9231999999999998
    },
    "stacking": {
      "mse_mean": 1.0785027157466727,
      "mse_sd": 0.17750064368507015,
      "width_mean": 3.763956952936528,
      "coverage_mean": 0.9242666666666665
    },
    "cp_width_waa": {
      "mse_mean": 1.173712171576972,
      "mse_sd": 0.19389103426231585,
      "width_mean": 3.8995277160885338,
      "coverage_mean": 0.9221333333333332
    },
    "local_loss": {
      "mse_mean": 1.1492750914637975,
      "mse_sd": 0.1905668632017514,
      "width_mean": 3.8716892998849186,
      "coverage_mean": 0.9242666666666665
    },
    "local_regret": {
      "mse_mean": 1.1270338870602832,
      "mse_sd": 0.18643935886054055,
      "width_mean": 3.8135663360833103,
      "coverage_mean": 0.9212
    },
    "crga": {
      "mse_mean": 1.1241709344708877,
      "mse_sd": 0.18389061262519613,
      "width_mean": 3.8067110002794418,
      "coverage_mean": 0.9229333333333333
    },
    "hard_crga": {
      "mse_mean": 1.1057411431545785,
      "mse_sd": 0.18753373871001786,
      "width_mean": 3.798879648039171,
      "coverage_mean": 0.9256
    },
    "diag_corr_U_ols": {
      "mean": 0.058355365875040005,
      "sd": 0.16167359614439092
    },
    "diag_corr_U_rf": {
      "mean": 0.10000722022259728,
      "sd": 0.14228989684223467
    },
    "diag_corr_U_dnn": {
      "mean": 0.10824320570438095,
      "sd": 0.14528962472594498
    },
    "diag_argmin_match": {
      "mean": 0.6061333333333334,
      "sd": 0.1067236514451121
    },
    "diag_pairwise_ranking_acc": {
      "mean": 0.7307555555555554,
      "sd": 0.054058696951086255
    },
    "diag_best_global_mse": {
      "mean": 1.0564640623862762,
      "sd": 0.17057551675642646
    },
    "diag_cond_oracle_mse": {
      "mean": 1.0301363609180259,
      "sd": 0.012314763222497903
    },
    "diag_realized_oracle_mse": {
      "mean": 0.6421307088647926,
      "sd": 0.13088155836506785
    },
    "diag_U_coverage": {
      "mean": 0.9701777777777777,
      "sd": 0.020437631715134144
    },
    "_tail_risk": {
      "ols": {
        "q95": 3.932807834360288,
        "q99": 7.252757391811398,
        "worst10_mean": 4.646456124160896,
        "worst5_mean": 5.969982030074952,
        "max": 21.309620477280408
      },
      "rf": {
        "q95": 8.149504665870516,
        "q99": 15.251857706900177,
        "worst10_mean": 9.765291970197763,
        "worst5_mean": 12.911992031372153,
        "max": 61.44512990218826
      },
      "dnn": {
        "q95": 5.046145622552493,
        "q99": 9.210318410288355,
        "worst10_mean": 5.85494338958556,
        "worst5_mean": 7.559492069690885,
        "max": 27.385932499557832
      },
      "equal_weight": {
        "q95": 4.572510548066069,
        "q99": 8.371118592542073,
        "worst10_mean": 5.3613282349889015,
        "worst5_mean": 6.883106213793577,
        "max": 28.246557240163554
      },
      "stacking": {
        "q95": 4.067690386164222,
        "q99": 7.17567830520592,
        "worst10_mean": 4.72802990933744,
        "worst5_mean": 6.044575173727604,
        "max": 21.198422272780725
      },
      "cp_width_waa": {
        "q95": 4.4341857482450235,
        "q99": 7.821572581472823,
        "worst10_mean": 5.153699897412884,
        "worst5_mean": 6.6129097164242605,
        "max": 24.23440082519979
      },
      "local_loss": {
        "q95": 4.336318518132278,
        "q99": 7.5991780881094195,
        "worst10_mean": 5.032678699359997,
        "worst5_mean": 6.431771928843724,
        "max": 20.713569920653597
      },
      "local_regret": {
        "q95": 4.251017809019938,
        "q99": 7.448034248562008,
        "worst10_mean": 4.937200874733274,
        "worst5_mean": 6.311388304481089,
        "max": 19.838436990974348
      },
      "crga": {
        "q95": 4.227076320912991,
        "q99": 7.436219974537822,
        "worst10_mean": 4.926769181150169,
        "worst5_mean": 6.30839046458523,
        "max": 19.839443573621192
      },
      "hard_crga": {
        "q95": 4.202389513503519,
        "q99": 7.537625652456917,
        "worst10_mean": 4.889656319336194,
        "worst5_mean": 6.29388487450966,
        "max": 21.309620477280408
      }
    }
  },
  "semiparametric": {
    "ols": {
      "mse_mean": 1.0650840649826094,
      "mse_sd": 0.17324260356728405,
      "width_mean": 3.7434402215726226,
      "coverage_mean": 0.9237333333333333
    },
    "rf": {
      "mse_mean": 2.113796352052887,
      "mse_sd": 0.35762924104594784,
      "width_mean": 5.23802745319101,
      "coverage_mean": 0.9218666666666665
    },
    "dnn": {
      "mse_mean": 1.3227764700967686,
      "mse_sd": 0.2403128636550741,
      "width_mean": 4.19760892788978,
      "coverage_mean": 0.9301333333333333
    },
    "equal_weight": {
      "mse_mean": 1.2049854833433133,
      "mse_sd": 0.19483029146193687,
      "width_mean": 3.97154951827435,
      "coverage_mean": 0.9231999999999998
    },
    "stacking": {
      "mse_mean": 1.083180856514721,
      "mse_sd": 0.17880951284748878,
      "width_mean": 3.785250982867645,
      "coverage_mean": 0.9245333333333332
    },
    "cp_width_waa": {
      "mse_mean": 1.1655822882718683,
      "mse_sd": 0.1911918489825412,
      "width_mean": 3.913693038804431,
      "coverage_mean": 0.9266666666666664
    },
    "local_loss": {
      "mse_mean": 1.1414004848034667,
      "mse_sd": 0.18746574360175977,
      "width_mean": 3.866553671531589,
      "coverage_mean": 0.9262666666666667
    },
    "local_regret": {
      "mse_mean": 1.1230160484815825,
      "mse_sd": 0.1825957142692612,
      "width_mean": 3.8124373758986905,
      "coverage_mean": 0.9231999999999999
    },
    "crga": {
      "mse_mean": 1.1192941875922449,
      "mse_sd": 0.18142932520551563,
      "width_mean": 3.801064636547716,
      "coverage_mean": 0.9231999999999999
    },
    "hard_crga": {
      "mse_mean": 1.1195678363250936,
      "mse_sd": 0.18548403367399496,
      "width_mean": 3.779054805054925,
      "coverage_mean": 0.9203999999999999
    },
    "diag_corr_U_ols": {
      "mean": 0.06549090923204702,
      "sd": 0.13994786062760256
    },
    "diag_corr_U_rf": {
      "mean": 0.10398870733850657,
      "sd": 0.13742601706373814
    },
    "diag_corr_U_dnn": {
      "mean": 0.10459249071859303,
      "sd": 0.14325729905696252
    },
    "diag_argmin_match": {
      "mean": 0.5925333333333334,
      "sd": 0.10383439806837723
    },
    "diag_pairwise_ranking_acc": {
      "mean": 0.7255999999999999,
      "sd": 0.051688029036509146
    },
    "diag_best_global_mse": {
      "mean": 1.061044204023521,
      "sd": 0.17049585223418806
    },
    "diag_cond_oracle_mse": {
      "mean": 1.0335253206980466,
      "sd": 0.012720925800847502
    },
    "diag_realized_oracle_mse": {
      "mean": 0.6323924695187074,
      "sd": 0.12957792556340117
    },
    "diag_U_coverage": {
      "mean": 0.9705777777777775,
      "sd": 0.020052080339105115
    },
    "_tail_risk": {
      "ols": {
        "q95": 3.990124165042124,
        "q99": 7.143800823643157,
        "worst10_mean": 4.669852833949719,
        "worst5_mean": 5.983918028802013,
        "max": 21.953517059564955
      },
      "rf": {
        "q95": 8.24611375130399,
        "q99": 15.489060505015374,
        "worst10_mean": 9.76312774728167,