{
  "delta_cp": 0.305,
  "se_cp": 0.03255572146336186,
  "delta_val": 0.145,
  "se_val": 0.024897289009046742
}