{
  "delta_cp": 0.645,
  "se_cp": 0.033836001536824645,
  "delta_val": 0.445,
  "se_val": 0.035140788266628274
}