{
  "delta_cp": 0.39,
  "se_cp": 0.03448912872196107,
  "delta_val": 0.155,
  "se_val": 0.025590525590538378
}