{
  "delta_cp": 0.765,
  "se_cp": 0.029981244136960027,
  "delta_val": 0.715,
  "se_val": 0.03191982142807193
}