{
  "delta_cp": 0.61,
  "se_cp": 0.03448912872196107,
  "delta_val": 0.485,
  "se_val": 0.03533942557541081
}