{
  "delta_cp": 0.635,
  "se_cp": 0.0340422531569225,
  "delta_val": 0.485,
  "se_val": 0.03533942557541081
}