{
  "threshold": {
    "ols": {
      "mse_mean": 1.487117710433325,
      "mse_sd": 0.17162452667611583,
      "time_mean": 0.0003925766944885254
    },
    "ridge": {
      "mse_mean": 1.4868380407601707,
      "mse_sd": 0.17156572773844012,
      "time_mean": 0.0002929835319519043
    },
    "lasso": {
      "mse_mean": 1.479807919106047,
      "mse_sd": 0.1699868406372586,
      "time_mean": 0.0002847638130187988
    },
    "rf": {
      "mse_mean": 1.1298469493123258,
      "mse_sd": 0.13108938210856594,
      "time_mean": 0.1510156683921814
    },
    "xgboost": {
      "mse_mean": 1.2950734656167868,
      "mse_sd": 0.15062084892929503,
      "time_mean": 0.11682666397094726
    },
    "lightgbm": {
      "mse_mean": 1.3230388696591604,
      "mse_sd": 0.15359293629966103,
      "time_mean": 0.1978389229774475
    },
    "dnn_original": {
      "mse_mean": 1.470844351006841,
      "mse_sd": 0.17703722217623868,
      "time_mean": 0.37993878698349
    },
    "dnn_tuned": {
      "mse_mean": 1.5439412189312147,
      "mse_sd": 0.19240057440522118,
      "time_mean": 0.40963244676589966
    }
  }
}